age,income,score
38.04717079754431,59110.76030961102,0.6548049020146491
24.600158937595044,49060.69595439508,0.6334122288879563
42.50451195806457,53782.904012462124,0.7434009823450106
44.405647163912136,69508.65566600613,0.7251854415295005
15.489648113461636,60044.89936799934,0.5595208452389672
21.97820493137682,65103.149653025066,0.8122678254563738
36.278404031672856,70051.18863303284,0.6905805424649166
31.837574076564177,54377.378056535854,0.5889068904784279
34.83198842495711,71343.7224544471,0.8188784114353873
26.4695607242642,65682.63905187591,0.7625675571596153
43.79397974862829,41477.80369632782,0.5735458008052086
42.77791935428948,81634.57186779367,0.8777182840257723
35.66030697561216,52488.82884364626,0.7658797368366193
46.27241206968033,35173.569852222245,0.6989803884374953
39.675093422520455,44324.34435620547,0.8590218805621779
26.40707537116762,44684.32258982517,0.715929778382964
38.68750784082499,60782.599779863005,0.6971916924895968
25.41117399171001,55892.24241680644,0.633969988397801
43.78450301307272,54947.520485391105,0.7581850439307078
34.50074089013747,69295.52948223718,0.747660296732398
33.151376364547396,65098.130417890556,0.7014680139889711
28.190704555960586,64740.718059664294,0.6210013646132396
47.2254133867403,66147.42685993039,0.7129929854166074
33.45470517931198,69242.02002003357,0.6930201214237862
30.716721778368928,28380.699873338355,0.5666525681265798
31.478664495117705,54533.42621603308,0.5528187648675814
40.323091855533484,27296.84903265789,0.7565153378809769
38.65444064364078,60540.89890196693,0.43981116849483104
39.12732611595988,59930.50541663482,0.720541052696126
39.308210030078826,75682.9841218452,0.6521916942246175
56.41647600870461,77814.51589081681,0.830824660687991
30.935849836153846,63041.62572378551,0.6506531790846124
29.877572709284628,52494.5838390465,0.7659484214251896
26.862272717521222,67277.41668818607,0.6603086158762208
41.15979422575496,52081.2354401353,0.7113748153486144
46.28972292720891,59979.11022834977,0.773683653092005
33.86052542345125,74792.04475441152,0.653744428367542
26.59843523037472,51633.42981015865,0.7996554884498404
26.755187843087604,72085.17958863752,0.6006302122893517
41.50592787824701,70161.02053038453,0.7294592842558378
42.43254171203442,45678.122743037675,0.7922639722787852
40.43154268305195,74608.41192326101,0.7660037491790335
28.344902927113058,70478.49518057257,0.891644487673541
37.3216132306672,61528.888310589864,0.6236560682689339
36.166858091407285,48565.14812958521,0.5620850748651411
37.18688596729013,47111.90972136645,0.600566489150488
43.7142877794819,51935.06134645466,0.7660442566548437
37.23595548774682,68138.9169493794,0.7497922934269379
41.789135630718945,45665.62248897903,0.7102256659647416
35.67579069488892,66562.68372929805,0.587704295089287
37.89119398689984,41373.66706682411,0.7766867293329061
41.3128822583854,56938.971233417265,0.5775295222349459
20.428441801443334,61644.71631861013,0.81589495823769
31.803287836426986,96676.95217588375,0.9857438423139865
30.296273457072044,39340.26516719449,0.736645114657155
28.61122151756658,82080.218497352,0.7583108135657742
32.248577487733165,62247.6362098092,0.650714023110444
49.94941311234396,66167.57877023944,0.5189786678913183
26.34168884306757,61775.21870082307,0.6397280636969778
44.68278354591481,66670.90227292849,0.590710475890125
18.171302283841953,57694.723434569736,0.5552995423584984
31.651149700142252,81810.75272186188,0.8722359941995649
36.62753065105006,53152.93283662917,0.7272862518025772
40.86222331359278,76983.51858268872,0.7379687580613983
42.11226579792855,50334.49319680466,0.669097763480375
42.93347235199925,59096.22230398069,0.6827128917556563
31.512749277515624,43920.56171564671,0.7964550682239333
30.376482073354328,66825.35580521279,0.6967662881304784
43.57975881257154,81676.889353898,0.7530693938024733
33.08695675118385,58839.65730268719,0.6803995702154984
22.243136766620783,57046.71451944135,0.6657847109267953
23.667127859965195,43280.7455539811,0.5593085834398137
25.805477139983886,56560.61019671538,0.5022250937632872
39.97160744053764,36108.086104177084,0.6738438098933598
36.42425736070565,46306.83019921759,0.7056496691993233
41.904853540677685,63401.790691637034,0.5713869963291208
30.72747353663466,79785.19796612095,0.6965525134965367
36.585396910767145,102138.16291844254,0.7053752562990502
41.25590393967337,51201.22372393649,0.484399199394062
31.906534602797617,81529.5023496816,0.6084875340520498
39.567752375574116,63656.28720602472,0.7407263893735468
28.380740589333488,57731.28529880436,0.7387058729395743
31.36946153434928,66488.91677589228,0.5846325083600239
31.18262106001671,60928.747255199385,0.7158448050499735
23.041603544109602,61655.93588418328,0.8022407225360472
39.86972480785582,53875.00255759996,0.7777072958990898
30.305976597972762,39028.35510301724,0.6904714212986065
35.124941187276875,36845.62196216878,0.6532023686675708
39.80746658905909,69798.67324921841,0.6370655515665495
39.46531176029944,55849.498648714296,0.7467819782909657
41.653851089727866,51058.666505157504,0.7195103973142888
34.01514515490577,60127.58440084731,0.76294040061022
30.76701687955846,71923.98379373441,0.7131873813121151
34.20281789093601,62705.45914539597,0.7818763950347442
18.1266556604197,50159.17595038549,0.70945925329577
20.528875275769128,78394.39433473424,0.7784688716131686
21.773003876455977,83687.78254472448,0.7870822770366639
25.02753172398518,67418.3498298428,0.6195473369775186
38.997742267234365,74604.95267016135,0.5191855953129254
25.945209446399392,78629.39995220717,0.8543492856014553
31.218374459606103,76951.4897460677,0.7256658730712261
47.992282977860654,69211.48765668935,0.5285514104503878
31.43736028938574,68975.20570612325,0.6286180502781289
42.375155684670865,67794.90860019754,0.7771874292369828
25.66382319990123,43539.93488179435,0.6720323168867106
32.9456244213237,70510.84735289379,0.6487938580680872
25.499779450894188,39662.79043310169,0.8400881860312966
31.609669240994375,48081.00817312417,0.5952712853616189
43.40308137457396,79553.47601712131,0.6201846642245166
17.726795768076514,72603.30244041297,0.7211386475048267
39.344236435458576,82310.97434528793,0.7390454932053881
37.377356023322776,55924.88424469061,0.7496343034340731
29.058500443032056,42716.26738084849,0.7911238044568947
20.539421456115456,56393.44204394486,0.7198578620681516
35.7212950771387,61530.46945860861,0.7489383938938409
29.705072909361977,61184.830745100146,0.6740790740684917
37.32676211354704,77005.20718135053,0.7062698303236714
35.21852145523443,54580.94362494832,0.7107534180053634
51.01778891320915,65280.51707704386,0.7215098135819036
32.606443725269756,45170.59275848091,0.777253980758276
24.765025073781352,66754.7591706572,0.755514568194483
36.79275634956316,60046.628252784554,0.7044217002900183
37.19996683971765,48752.79992573224,0.6190874015058959
48.59187575240436,56462.55956737721,0.7067671258062709
43.35111245914579,57237.36380227168,0.6971982215104255
38.56871059149509,55947.673059943554,0.7193181579813198
49.63302891219562,86570.11863401525,0.9206525307140402
23.11236945677149,58523.309965381806,0.6476227221458765
28.602484672502523,56341.55834733993,0.7422289019125359
25.73424058594475,28538.235635847876,0.8068462067244297
31.10190196844232,46586.88972030784,0.7098001914099382
21.23313852443691,56053.898633154706,0.9337845119172165
41.351509468144044,49712.20985735036,0.6621960708268523
32.777773029012266,80725.61390066695,0.7324089222320047
20.29193705497342,57525.93336905672,0.6201194255107018
24.844209187924584,79326.66373977378,0.6648475264856707
38.13513847450195,60925.56951075552,0.7248933910396658
43.38126567894381,60558.417546323646,0.784630406230773
54.967308916917865,58668.05328431249,0.7319094834023574
64.13862466007329,60056.94377432189,0.8259114849334735
39.14409433275996,85781.92504574789,0.6905034689407328
25.104618799681358,25205.839098731725,0.6667831470160994
13.679537192686908,29976.81383341982,0.9703985107279386
37.67711462343836,51852.43753415829,0.739423764944203
26.87058904689674,60217.918229063536,0.6280518454021452
30.846427398203147,70351.56637146018,0.6305736237751931
28.879032009401918,67096.30797041213,0.6057320085468659
33.59209113583615,54236.311306791446,0.7936569355856787
45.65980230787643,75285.65539862643,0.6635622707106758
36.570485674453444,75452.93104729097,0.7127362475656486
33.41365162961311,62760.867469073484,0.6936491325561731
24.643462471741884,74439.86358730262,0.7731492407940934
18.25317055295643,64089.67895148193,0.615325590711598
30.136920909266692,51577.754598256746,0.5924427713856985
34.462174491816796,70467.25258500007,0.7224297307181594
52.67929913579883,61659.19683868017,0.7600959284699896
36.30274521472886,60020.0977013173,0.733253231309764
44.827395110230576,82094.30358284361,0.6190546270902672
30.00704401460848,23236.9180718987,0.7677484842091393
23.150562335829754,38734.73744760646,0.6256139072904365
25.34883237767628,42193.94360438445,0.6478461355213616
27.74773935464247,54551.090286467916,0.6056046475277997
56.28469732435165,56180.87745350955,0.830115834865203
26.786133207756137,37390.11528340429,0.7633421541027349
43.38489203736345,45222.629515337605,0.7604993375678873
25.970728219129736,47087.37482214645,0.824721142114245
44.315730128742445,96861.36138113838,0.9812649248238723
38.84950966105863,87026.1292162072,0.5290773896089844
33.43362102341909,53823.75873473026,0.6261623419122891
34.59237473864566,54546.25064539802,0.6383824915825476
28.452123045706095,42761.940042175585,0.6149180377617307
39.4607220148208,31378.043801621,0.5922416752396287
30.4501651965922,58246.79720387214,0.6700346935944634
22.74394236232752,45032.22025133961,0.5783396284710595
22.220624256803806,58727.242025069856,0.7335042367537413
36.725879177221195,35996.91226434784,0.7051698321428614
50.790912564104346,48570.38312534613,0.7481028664763655
36.59991613573438,62229.40642954246,0.7507728451638253
33.813616738901175,65493.14396675906,0.7603006853426676
37.858261396025426,66262.07938113021,0.6626591063176117
48.060017417068245,40192.66523764444,0.9121143402633667
37.193825013638566,72820.28595203343,0.7234431116482097
30.89072769166263,47996.82455097225,0.5137515247375205
46.062887100598886,69492.8687191096,0.5997624254233782
39.28756438461613,59840.4198507271,0.5259497010972184
50.35755991995992,39354.18751383078,0.7017334629151307
36.83234437221906,55257.03443128218,0.6878194775946666
22.755309682794998,65480.45613095651,0.6531574302100541
21.31840800754335,69194.48070711899,0.9010926112400514
51.509279322312494,57885.18153833372,0.754898287407691
52.23665720783297,82976.68335901579,0.7726098361446334
33.20480786717399,75112.66156479839,0.6068926512057896
31.168126788640123,56150.188254003704,0.6000855108668988
49.61444292242202,71251.82718205417,0.7036805499096954
23.92954317956512,89006.9022778228,0.7173007139652225
26.052729810441736,89407.2690117454,0.5143688432885543
41.433267946890446,41580.001787662535,0.6819692977150466
31.053948771404105,46102.003332642744,0.7014072082873505
34.948781332799285,82273.78180100776,0.678485083422887
33.36557101475488,44125.784237435444,0.6186609587653323
38.375745487989334,40161.88300062482,0.6460464818078859
49.07481861313717,52707.088039514296,0.6823140806427204
35.90584906901746,66303.40064211878,0.7090800023610048
41.43938793276858,58464.04940083355,0.7604791582550567
14.498278989689775,50241.545693916116,0.808085620495087
34.51281598069882,49886.81307413236,0.670565227647275
26.567697297071287,49314.94403380937,0.6543843803884641
22.81186939576372,46807.35557011586,0.7437655673534306
26.21847633071249,94224.49315914093,0.7610844916410854
31.65876559299188,64462.66606778332,0.6565799566741114
44.15902542356013,73301.38581607108,0.7790393476966172
21.73607282260436,52663.83797821614,0.7979585341155973
35.30631492594417,57210.64984220927,0.8291686465658673
30.158305666664216,49296.69027944467,0.8778320906719822
31.723269056380392,20224.374976211973,0.613358386134056
45.027578253046045,39329.860847282005,0.7013898209332511
40.38115437003926,32840.71980029408,0.701127769661866
48.373981074427434,26253.243330725887,0.6901926431467492
33.454943207500996,42069.61538552846,0.6350737080389863
28.04057388329297,79874.33519072447,0.5514437996768928
32.761411831195005,59333.457484434686,0.7092679446029003
37.42496791271222,79358.4564348176,0.6231644340452087
36.76573358453711,66164.73865351312,0.7085993480747624
24.156119277666335,71738.38238572738,0.6205956458301146
35.90489781627874,46486.54507043137,0.5900341654155659
37.28228330138905,67859.26431289007,0.7234298360376897
60.174740375339205,70930.71351111519,0.7150921526806495
53.768446112816704,51350.2906164946,0.7579281971320933
26.4675664944118,68393.1055592425,0.9185863766417625
32.12616638450824,68492.81637862249,0.7277289531210847
20.36557998162997,51756.710683048754,0.7485081767064129
29.092929860365135,43158.473515935075,0.5922438671132674
38.156050035903405,42238.07502152592,0.5713092559463625
47.05853620888234,61297.58312882193,0.8582829446773333
27.709161622563915,64905.14803183972,0.6076520220066696
28.458535599322033,48112.11254313128,0.5956055928531357
13.527109702613451,60398.78011989148,0.6960901078783447
33.37334079455092,68558.05554207729,0.6909807586622612
24.37585588140437,69272.86071997951,0.6097493493556708
29.70560572633926,83278.20180183733,0.6695026781286899
26.231392218324117,79154.71248297064,0.8229375717650104
34.05737445747443,44980.62850865184,0.6194006391168202
17.422716086433688,85253.79314307033,0.5606327515633828
20.329547546090094,52035.35243166428,0.7942593620899792
56.29247112028298,75673.09218681642,0.7492296911938037
22.12577418725969,61019.79939076633,0.6379481379351338
24.032144215453602,53817.75932314549,0.5417832983873082
53.36913528321314,32884.54710337601,0.6255376643561437
64.05067169240407,57426.53234675478,0.6945295563150728
23.284333711746584,36609.25147041587,0.8165672089883819
31.317510432119693,74509.48853764159,0.5963418025130343
38.415555509405095,82751.88985708872,0.6915480118488526
52.286976444055924,48046.33516054964,0.7675144659894898
25.131429215717624,64529.56113778907,0.46187326598780787
32.5472215405789,49119.12716988037,0.8033786167938899
42.77337576061744,50572.72904794815,0.5817549427793562
39.347660744666186,71617.42055798057,0.7331995493456934
31.23843928769901,59421.92607234881,0.7246683149610743
33.66177035483959,86094.72062896518,0.8084586391463845
21.25104191630018,52766.512819456184,0.755092438089354
32.61826256025335,74990.04498711733,0.4622709508270018
32.33612509991045,61461.20119436673,0.6215220752844008
37.32169889626256,71936.6701461635,0.713820512935328
29.44672781180984,53292.6351400508,0.6805020113880212
39.71538522545139,59256.61743672626,0.747761072975677
45.127158178198286,58267.516810515976,0.7789366555669704
36.55429327668466,47459.14327731319,0.7608451736429679
38.517564083992035,69931.22301872629,0.6785725057445534
35.53155347577867,69753.73508367546,0.5153662988879519
35.000843930914144,68903.3204235835,0.6544518751145182
27.784419664571526,83054.48480876467,0.7416368148138954
38.16494261673308,81740.17201854456,0.5909552747449522
34.02713401586511,54375.82965226297,0.7631274730121576
55.93168308930595,65595.78477651268,0.7908393297267304
50.73354902475243,50645.98966112681,0.7126866976295843
38.85846552556501,60350.329741718335,0.39362201336876035
27.369427903052326,51003.75826321703,0.5721911637288196
23.87588528016582,84301.05463704077,0.8886189158556081
46.911429530888654,65455.47225514444,0.6453462206971622
37.62749225147139,56729.56307843367,0.5015856776871004
39.80143403391611,77904.27857784566,0.8235247388310272
17.554140130258073,27440.76885306883,0.7013355591543673
44.274384815581804,29788.461077020653,0.8104940488957725
39.54420338214363,71937.57982829661,0.7276958675219365
23.89569315585522,60907.02672176052,0.7458559136212168
30.28475192550051,63756.69450391141,0.7363009247714516
37.637172043565194,40104.05845022177,0.7697488311920999
35.52466798356244,59651.494337244505,0.9277430448556098
32.07828814196445,90052.64115602012,0.7971006335959188
33.96511731934039,72362.99429693795,0.5419660682154465
32.48022621793115,62545.59817714218,0.7446661515278903
36.52562512102469,53414.191348425935,0.8141480768103218
49.71491972993157,54081.40722195909,0.8202700806536145
9.333415590687025,28062.031661999736,0.65733950169409
32.63149735490316,63864.60631381741,0.8164944445188127
36.76512421372447,72682.24662722781,0.7927742399551205
37.95993989687099,36365.71009244077,0.957251743696973
31.280854186787103,50078.74661539776,0.6249998263751488
17.432782175214175,42638.03051649867,0.6492599423599574
38.2799548371411,45519.732077868546,0.6693880951540045
52.27350214164185,60802.2244023285,0.6509777849961225
19.661385950838625,28733.967675172884,0.6109979250236397
43.638280136981884,69214.05657535596,0.4237324494326256
31.714747768771062,71307.82604900523,0.6565300526276865
34.38675654171153,56233.46117944631,0.7369358059699904
24.47101489296051,22789.372350231875,0.6506778154494088
31.655438276441235,45053.720609964155,0.893538118352911
48.000445946989586,78493.52901154045,0.7013375812715862
40.82655241987707,18330.085789071414,0.8291029055184135
52.323116054099444,54787.14881709721,0.7261420412729968
46.774118889776936,42299.988322991114,0.7826407309893257
39.390866789295764,72068.55452377255,0.7279241553933562
52.43934526167792,49873.29071784808,0.8368784631903562
39.38993158738299,66059.31031103418,0.7055939350132401
43.279881767970586,68481.90628753639,0.7496120708088785
32.03429046465292,87543.3875959503,0.7366332933650044
35.665458158592045,56955.870844869445,0.6711714541872681
28.02576176699723,65640.66554433916,0.7404982318924677
44.89583934594853,37724.16781308846,0.9234386246197682
23.216963768851343,77856.20344940617,0.6729603057904557
42.823503424176614,48592.36727892953,0.7419464892853248
33.09348942494841,51588.687538683815,0.8257778950869442
46.71247093467319,59666.28307726184,0.814025328094428
42.5086898873126,36556.73481990226,0.7011716417719365
53.206461576468016,63431.55043393407,0.46166112970426376
42.307746911386445,74511.99409387517,0.7516702818648466
19.279597443467594,64394.007352459375,0.4780525741376947
34.33046827101799,36166.53653731912,0.846993723094123
23.279928074051842,58142.8605850551,0.716947387119326
29.817201576337254,71130.43354469237,0.7999674019871988
50.11228433276722,31830.168510511383,0.6097888861818949
41.37533810897696,43878.509792734294,0.5447492526699945
28.010695714212538,73148.1540612228,0.7260754384141167
24.86282633559601,64051.4315129593,0.6966396560043857
35.327820928762605,66179.57373190131,0.6508459173842834
22.834398506188723,87892.42211434967,0.7084661280732764
28.288597226034188,67028.29167759304,0.976743589203226
38.12009471551244,69868.32015649769,0.7834525547369058
46.55312036106696,100661.18290827489,0.8049498605863319
41.087614722244396,56792.93162864264,0.7843936891553355
12.087104914019001,48031.75854572257,0.8479462143852192
38.0436672903026,66416.94597370698,0.6809928327099255
35.72033573232578,66584.86544083343,0.49452386923247055
39.13890285372693,52099.26912080688,0.6811413866993989
51.162096816512076,44514.04470667729,0.7811735709996501
14.367617231952572,94647.66633135117,0.6030199604884926
29.088965748088945,64902.65205582034,0.682363404951067
40.909063227933544,49015.71927896886,0.6308230256997687
19.184056005460576,73738.95453419398,0.850202925184313
49.75949048053509,58362.82272657998,0.7749457015406563
38.683566127006586,56206.77830523253,0.7651540620643958
43.46583985843404,68434.0930787174,0.7621601313120971
29.290563384782054,40621.76597652465,0.6962750747447872
43.137636899662105,65289.40805875759,0.7197556282527503
45.684715559890385,88694.32211597628,0.5814815419467682
37.328780201371686,66992.66493295965,0.48135580212494317
37.34400892698696,54356.818443248034,0.7150081130345024
37.703432392817255,52393.42079357637,0.7323990256272144
26.366547352606183,53844.90039982336,0.8209264568425377
33.52471319759647,56190.55982928329,0.8571335816082367
33.47477467547641,54332.90200862592,0.8569998484998946
38.83393864353495,73744.6716161185,0.6001976406706122
44.99824246910295,34001.863451865254,0.664773496505023
24.414639180215907,72930.00075618201,0.7480334295881379
33.749909696804224,54304.702122861585,0.9531904677742177
49.81455547658973,65654.21678543059,0.8480099203713916
27.56411771187436,43095.18134698705,0.811939716199838
26.777499827096797,79929.46600274154,0.6612212044450709
37.02306191831194,78684.5244025781,0.6116800368844875
43.443851904853204,74393.8578862511,0.7788907883383239
35.11426055560659,37278.67836309691,0.5899338735765639
48.28960590436989,72436.81606599079,0.6761563649019697
43.56793982566527,66072.82631453563,0.6885222050998077
43.41820066890062,35920.93129301148,0.8592912089122807
40.541165013240935,59635.539243437765,0.6645302697040322
58.276531003460846,65468.01733549894,0.4560750361427384
32.94838311133956,68341.12910734727,0.7504444647662468
14.964777079334862,62658.92050423283,0.6300978146896073
51.04254361517141,64368.4712527107,0.7042631024437747
30.423005690431744,82104.17088379644,0.6913295299157876
36.07880444343033,78390.5086486602,0.6726296004182232
48.09550684860527,16994.175693258847,0.7790340581784704
18.977404589410746,55238.42167743477,0.5467135121647292
22.483527858938604,57530.23458684073,0.6482985775045639
18.987220628811464,33718.52140909543,0.7684037913117381
27.058637099745763,61412.74587348468,0.6385915224655632
39.39636606016994,78731.3665861576,0.5391193290730028
40.24187842812771,43701.48210614114,0.7668555343256735
37.762741793285535,65046.01408034808,0.8123094630441539
20.872341161076335,46262.647840553436,0.6955004792356994
11.898965633673559,49921.31964480485,0.5039154401530467
35.54353585390382,82160.90451255052,0.7705969746698815
30.282239663616643,51861.632698322624,0.5340112118580311
39.59385771716612,66933.18733515937,0.7308799276848166
42.0195362622127,31931.728259085194,0.611253617525784
36.38241432058682,87934.7634209232,0.5840160714233035
42.60133085375854,69039.78669459748,0.655808998292031
37.292113741150686,57262.50236024607,0.681670244357274
40.30064705601467,68633.19764999842,0.6355791749613551
27.953267371301177,38852.70856578284,0.758870327821515
33.203885861685414,77737.96112628985,0.6553930621541165
36.96776096656957,55140.22836755355,0.7980190871671822
43.20528475417419,56938.95727427348,0.7281173165643479
31.06258827775428,52625.16577551774,0.6302442793403692
40.21167255732113,51290.22895881623,0.6134060116167713
32.34161208084621,70420.05917442613,0.5352503700952561
33.824578326718694,63838.60275156334,0.7290733177866822
43.29519042024073,69776.2221210456,0.6645412452748641
15.06939628945844,59868.07965771643,0.4627804471936485
22.03527671925239,67697.99716615771,0.6464285127230599
20.17814602557179,53717.26884112442,0.6098965970745047
11.663838801516953,93445.97762114323,0.857567759217066
28.217355598448233,36481.04375354252,0.529722138810669
42.4943389972774,78914.05985344476,0.5558649200265946
32.15115933617425,80518.61176081456,0.8109969643105699
36.97790081941852,47217.61791051609,0.8356763157463962
45.89217496710793,93439.1041583396,0.6255017061274358
48.276861322676915,74932.35424417978,0.6367914177191089
34.308620652738604,74567.08510234367,0.7616235396553312
48.53585889569397,60420.33280538815,0.4672900203054689
35.92126658434109,56741.60762671985,0.5138806315494443
26.62601776172538,56858.86759440588,0.6719266599149287
29.05599647801265,65857.95894479276,0.8549890566129126
20.194634874349838,81017.79412550844,0.656426991183326
26.118661462663475,62719.713267921295,0.7100936791735154
31.41983311925571,46328.34565294065,0.8133789272564012
43.03585019378602,72366.4059357747,0.9106884733278146
52.20769831165984,73817.26119592188,0.6423151526851687
21.1781848462296,69819.89292671678,0.6983163276266573
38.92827468259919,71182.48359787474,0.8822055221342842
24.594560608424658,55936.07804763288,0.5477800724808571
39.74697088463202,46065.16249304131,0.8027581070553821
33.68913349312273,46977.0985403883,0.5981684467638742
16.690941741524696,35468.05127313213,0.7102472367103156
44.282969915684845,63554.22917318925,0.6757380952599725
28.94999287191269,58748.2682516011,0.604198839929877
29.660997616264453,53400.18443205437,0.6016898072341724
24.3024758871031,15665.717634823952,0.7276414364253754
28.457167233124444,41290.237954587465,0.7995539328162682
39.278904406949174,76812.6097710475,0.6870263796811497
33.107556590635944,50030.609999053035,0.7070113158733216
38.28662002282481,65408.87516485262,0.7571174066291047
38.61921853928844,39139.71855037116,0.602838122698704
48.20661655528167,81580.58223538847,0.7739692508412923
31.572138491356206,57839.58509917985,0.7819343097059747
20.231421831542683,64350.605947253025,0.960362629875041
45.67222416571983,94886.69687822528,0.6623895809440418
31.685118279027453,82746.60150884105,0.6541918198331872
46.14592444577377,55401.51568069413,0.7768965871573745
38.833771131824705,51101.69722694461,0.7819104168912138
33.68862469796655,55116.82482720702,0.6464912846623287
38.48775894046295,67648.47372714804,0.6596837323069951
54.510125601263,58421.637986236936,0.754113083821804
55.76980529053753,54071.33782494793,0.6172415759265338
35.69381135132779,82007.71876063563,0.6589466011984985
36.601905933170755,58286.85162333245,0.7089592767368434
45.762401574663855,94493.83639555979,0.7995938684822258
26.54338967232653,61361.1384562826,0.6395401383820458
38.33070372618255,86779.77591337092,0.5157615537969328
34.741371520461435,65359.7913406594,0.5083402532481789
38.13908211457554,74444.40859874172,0.5740586933293866
26.666311940505942,49130.83422723413,0.5686832281800063
19.10432506691031,47193.61166118882,0.6845389241380091
14.270165640087082,66895.5893252248,0.5811119846402395
23.82615887010392,74828.29863697973,0.6297245040178795
30.41324715060667,60603.84753000694,0.622591411501795
32.06808413351238,40704.099973744545,0.6559492139152006
54.37231162429517,39596.1245056601,0.8322504331523122
46.05993369907298,38592.953967206384,0.7661947589430517
25.379088836583726,33485.66830590928,0.7016129415276003
38.47708452450957,61642.280391706314,0.6538973719419161
30.929217636496748,76875.65882562038,0.6566767343376978
32.156361619599046,59798.76319612787,0.7327746469951949
36.85325649415382,26093.778639932214,0.7584169073352289
41.19171116975393,57138.59309498177,0.6092382493899399
31.607415161159846,57558.01505051089,0.7036480755614231
45.63851532734358,91439.98125338159,0.4968380431336972
23.58061773857596,38142.93130620666,0.7211713784170597
35.06339062362269,54139.83596101207,0.7762149241958686
60.97673726595832,85587.79020816846,0.6719931373119125
37.23079742625275,66749.67512019823,0.8816526996140105
49.33214506606173,68449.69610274637,0.6118761552563949
35.91520178173208,61718.766555358176,0.7217440415303261
40.80777095329797,64949.15307985897,0.6964175253334044
34.43216805607308,71664.14295417804,0.6899702332556591
33.29592418835796,47857.705216608505,0.6885677831995252
27.205176032745804,73170.878683623,0.7107105030009471
39.303013589575535,39404.95474671691,0.78479587434637
26.48462810814232,64925.51959247307,0.8377736236274744
41.655852363134294,62681.11444929491,0.6997749755495842
45.8528700444591,50755.60367711838,0.7815316072171633
38.6653140723723,59659.7208701153,0.6298233053733217
32.13751266444308,50661.8977100167,0.7765955452726233
39.53965579308696,43924.480097073836,0.6238008476173009
31.913269444535874,54695.77887579533,0.8090659936088131
44.35547125465149,43440.17046942508,0.9210640877393239
16.685939157848765,64841.96196139872,0.6877916112028608
31.643926318813538,42748.71758771455,0.4807456509192591
15.091880048760022,70679.65534486577,0.6451927066755176
20.04939169772795,42277.8139810677,0.8231875134289303
48.6386222981391,51505.57626628491,0.7553076787025245
43.95184981971686,50630.948876772316,0.7248913598675029
27.805197667152097,79877.20093312259,0.8008668355954839
19.97496543959103,64954.34918424888,0.7484453439248422
5.354711621583488,56823.99296183408,0.8217725187451136
29.565044920673653,67480.79161604586,0.7919423676646985
59.204150122474026,28392.11479005468,0.8521700452736959
39.348842714636476,59352.99615538639,0.7358796083906254
29.404277139505105,89962.71266707144,0.7905259401493955
39.650802095003066,61985.19759604009,0.6692872926914214
19.39041647005557,61018.69753754003,0.6398539188440994
32.02676637302365,68221.92569463294,0.8706767640418973
35.99477473015739,73434.07864971519,0.7216204676322687
34.13899348178951,30037.999606652105,0.7804880565862379
42.908061216900805,34765.1027731346,0.7123740014411389
38.44645226236052,63154.3693662922,0.6413484349080035
41.68326018107997,49276.85157153736,0.7010982892582401
28.116277177692407,79680.3789332987,0.8435994017767714
43.97815408410548,55272.38415172164,0.7555240074279423
51.28936947623991,30982.038964303232,0.5288526840269541
25.298504803485873,40979.79124734004,0.6784755543423845
26.123043442854403,18754.85970554137,0.8782293792704712
48.35784336320233,56488.116940756314,0.6786203138150043
33.086560133049396,57174.23809103425,0.5199521308265819
49.03821392066557,53633.059353271536,0.8893048885422543
30.574642881078162,76183.18558544607,0.7682392509812792
49.55045576270712,77977.79754775041,0.6929987141187199
36.31485816805452,57444.17364965833,0.662858226391793
37.582288233226954,27979.594987847162,0.8082351929791735
50.64718021669904,69259.22370738388,0.6458016599773807
31.382295225558288,68330.40342762863,0.8148256424515988
25.588779040750417,64640.873552354176,0.7542195285724256
30.514357919716456,74722.19623962174,0.724468192548735
39.523339506431384,42527.5785530844,0.7145514805335595
19.342409278194857,90131.33079277708,0.6825031963285821
41.37470902651121,45608.58370287198,0.8045640120209265
29.61228682382257,71238.34390801282,0.6134657167898165
46.47812660733563,34689.78458379972,0.537807487316979
11.057396950995283,46046.02969094924,0.7614440122892474
27.134342248958312,82745.52970088004,0.7631238328067147
18.13531848765898,56086.50265498725,0.7480241152511766
26.737705336360474,72598.83907699196,0.7407728369618038
37.47665901108943,63554.33083078869,0.6679459621662451
33.20773374550245,58425.62765999741,0.7787482704385524
32.46622431051985,80457.75487399034,0.6954441873245458
33.40815128619939,56450.117630221495,0.6512886439184822
37.03388240619943,33288.928386547945,0.6688108687744599
24.914639580568924,47951.39862072442,0.9020639698775832
42.068496408990505,68267.8759305254,0.5265023917954567
41.62665970385484,65932.63659543762,0.7499788104295798
38.85037937656101,36494.126246468426,0.5320889572376283
40.56533442751263,49134.862208876984,0.6891766661677027
37.96418000808659,51274.1797619663,0.6566372514845812
55.350733027310675,54517.95608828663,0.4914971703320122
34.1290582894749,39361.296170976726,0.7389037590433762
31.929167816654232,50574.43337820782,0.6619961937807803
27.46472419642622,49070.84272110709,0.49007936574387556
24.67737329422163,71572.99889642879,0.7839568090774252
22.555282123989247,72136.81966485365,0.8435006177988934
26.112026867690815,57812.84312866776,0.8490124342296571
34.29319618347929,54119.403061939025,0.7358956440651471
38.34295128497715,62098.8646805867,0.7046058138577115
35.51142058552162,47751.37338816638,0.8328156620895797
27.34464722570287,42797.518767488385,0.8682383585340098
44.00184564019963,45896.681866114246,0.8133568702875624
42.39412672300948,50477.80254042815,0.6058462397770198
33.40351692577983,42547.89300311593,0.7201344853214922
28.47083855335288,62430.89338594312,0.7439516144291428
40.484279208298,70945.73510675563,0.519038303108277
36.87973587486105,36193.525488026375,0.7469360659620774
20.518727405849525,60376.9306682405,0.9272991825979389
34.32019744015595,56700.96307100497,0.7639936165800791
37.62035812074381,65122.63028305204,0.8473413081441756
26.003052135122463,59805.918478446176,0.7182914730128704
36.89843392837443,38196.010801025535,0.6926781676016178
20.451775147422108,41064.16051714252,0.7381271390080975
48.361861000121706,60441.35363377459,0.6184173352015567
47.479499850594316,75431.71379618264,0.603622481276561
32.47482665697035,26787.189434354957,0.8266304557169365
38.63454337839073,65185.8986970237,0.8372342342866518
10.900780342001251,77844.33007931465,0.600889368441265
23.436523397346672,57704.611856906806,0.7967998804553864
32.0622107984787,68253.03744039661,0.6913040024393978
24.27866978573141,49453.963786532964,0.7339808574490431
42.143964826306586,58209.50701084685,0.7460218639435063
54.97296530747994,35686.297225377726,0.7994350468124318
23.23385280570698,24834.850373716894,0.7082718201863188
26.625365959148073,74141.48701837912,0.8410161995301936
37.3544836830993,45225.07608413337,0.7309412839759925
51.11116148499621,53167.08232494854,0.7624184272469532
22.776256874600968,39203.3662009471,0.6166737408462754
37.49036122306942,38850.45445374186,0.9158659010704834
53.21298850813109,57392.434498580755,0.7469824923204966
18.48240851820733,49056.342087965306,0.7712997425345098
22.18930793154168,65669.56496992048,0.5391814188788459
30.763933935391616,66788.07628469387,0.6177297976920898
29.79411587144589,64812.74469486911,0.823788368791873
43.126012877536446,63579.01186392666,0.7286891118292604
37.41659719820838,83666.52307397829,0.5086220265171073
17.250379403578716,43986.09346432671,0.8038289928983818
40.15410402900811,59175.97700695624,0.6456217195647276
29.224611126443495,76990.34730779383,0.8411316985876711
47.74447216941239,78968.09714007055,0.69121643213963
28.724124635630805,38673.54525983141,0.720470668602053
28.633847168977642,55314.66837516195,0.8178954578591648
40.41131610804531,80371.8164380089,0.6102507029145338
42.62926482336937,67621.18657798598,0.600715319216606
39.48099363936203,62928.94547219659,0.6803501579601893
18.14402682615192,56734.729598480146,0.7827172799621221
40.380344399282514,54242.98611438382,0.5669122747386509
24.65691948325601,64323.28594635486,0.5331965400110903
37.352761115882636,56214.38812523275,0.7823720927043792
20.7626556460094,59361.32068433334,0.6397021687432995
39.463221475430636,61178.98059172556,0.6607773987079717
26.934010956926276,49828.927072597515,0.5143189598059834
22.17365349739478,67981.94060822157,0.6321020685648018
42.13820136482399,103713.6697262313,0.6992432703368849
37.416445216767514,33345.200410108875,0.7930377857622892
28.860231986071028,64860.1878628497,0.6228769833765361
49.51178849021064,48597.148670716415,0.8657376120232496
30.593475784302576,68661.03866278875,0.6315443975820199
35.32107673970935,60698.36209991791,0.6316908198414825
37.68913447678601,71427.82161063695,0.8537357551897802
28.803340658713864,77632.59864763169,0.7211460152363917
39.7113629339993,62886.31676652272,0.6447975270988423
29.665476528352755,76980.78432621267,0.6844866868819406
30.883616777837908,24835.53159316984,0.8353073577542058
48.62642639803341,83856.78446874034,0.8466202819625681
24.594139474875668,65625.9322783851,0.6183206820729743
10.872196690705099,76167.65033617773,0.6957566189920892
51.109369950118946,41701.86382737718,0.7090156827667573
60.493279526070026,47538.451775919966,0.6013759889483402
30.947307345506683,62189.07441217161,0.6944314947350005
15.631619593798147,59744.431659938055,0.70053228604517
31.895160238040564,64246.02882014984,0.8140209478936735
32.13777050159331,76267.7274139495,0.82074250283112
33.10076158977743,33521.69527045726,0.6670790601640991
23.86611958078152,74607.28607575964,0.6786046856139187
40.79561142476477,60124.2286493689,0.7664292302055635
40.24507375286086,56943.272083131786,0.6414811551072988
20.055943801806933,37933.27148422664,0.7588640151737402
41.99196731694888,67545.73002565297,0.6912093512630785
55.52684981945891,23788.38223453444,0.6030601422261379
36.719603324370595,69725.9101685807,0.6043163287120353
31.62674837931494,37618.412467905124,0.8447058696031101
33.579967855924785,60801.86868926211,0.6843578520856701
41.15256766968561,58212.46744008119,0.864035409389831
17.693283944927817,77543.07220940826,0.6486363739285089
36.643907029773025,57320.17246479165,0.7291205201131493
31.0953605053719,49587.92158281502,0.9392676723018242
53.47825012956045,52400.959560431955,0.5942613255336721
33.25827266195042,79093.24153131996,0.5102185500100223
51.678876111195194,68044.4545377134,0.8286590131287233
23.962593022179927,54215.55027715258,0.6173190894606926
40.87259166802792,56453.3037005323,0.6979293635893766
38.19400263791229,36492.34364121829,0.6414081789548415
26.309527521352177,65827.11301277312,0.7268162780955316
36.7739611463694,33602.764384568014,0.6049463792814257
47.125188368316,71276.94698753185,0.6820059912116694
31.762082957133995,61929.323887368984,0.7449815326556534
18.08037350830237,95804.27699360883,0.5991691113725738
34.82437173522554,43497.966694135415,0.6299915970354111
25.975769052074874,58460.0686343905,0.6652617166401468
31.576590613361176,86974.31551384594,0.5571184565773721
34.18412230314879,77870.84460437122,0.6577439017201253
17.943477839844828,49556.8192263015,0.7118796539902902
18.84341660679322,63359.51142560172,0.660045105841157
39.82066835525525,60029.99034622631,0.6728623507068275
29.772813038303198,64229.33801091236,0.6980098329093414
9.352556581794328,49519.793460227556,0.6344256537567685
42.84844036608135,58660.193959488985,0.7691062565866876
37.7236975527424,36029.214370849295,0.8435978124801775
27.86125175963516,62026.85177802123,0.6535619607804551
21.831697889417583,66750.31010132749,0.7485198231477707
43.35807896314337,56588.70881034174,0.6760382844565352
38.49350622560429,35774.236641228184,0.7365487345038504
58.826022826840735,74827.97794277193,0.8565779531203254
39.201885987249376,65467.875569892036,0.7508659543018098
38.87703141262015,49109.77353448535,0.5226585461190318
33.33072069891435,55790.99329742904,0.7453995631446958
43.167758672007906,37489.958958272415,0.8232863743309009
41.25085201248154,44618.84808333143,0.6778403830001897
47.51725008565195,51932.82980464291,0.7995634806117832
29.786770813627154,78426.31218420227,0.6309884458848054
30.645925270560376,50407.449136687865,0.5514460840477726
30.2089682908802,69603.20488993138,0.7141169018832639
42.90801721178989,51925.2569570763,0.5243523279253686
49.98374440296732,63719.213412778125,0.6760228987106408
30.411595068506994,57879.067467842964,0.8286842262645503
30.752262722069087,73095.84900139115,0.5090237094253719
38.14077223869799,51977.829926721635,0.5720503204086101
32.54238499987098,36412.076249963386,0.5967967754838422
44.5205365313989,39270.76452954551,0.693668014028904
12.482227093809533,52021.83759085864,0.663428321435379
26.732949530831053,41264.100439829206,0.8399136381696087
27.175836660385542,66153.18023519327,0.7954348329091697
11.796439876138551,53013.47752712883,0.7495272946068597
25.36361555631196,95619.09825039648,0.7145630314343885
25.848438841540737,33934.28107294302,0.7393229776984827
32.9889534548117,63054.497680647015,0.6138017644686624
46.12965891660264,43080.70464741497,0.7857210353556612
32.549393488092974,52598.97989425982,0.5887955745640798
24.69186279728846,62121.29210010816,0.783537699390223
34.43045458786471,25119.4293768857,0.818614250211883
45.49173621441349,63552.39175182041,0.7210864602088086
25.240411838850953,88543.61193411252,0.6823786941038024
25.894251160785515,53198.42552447111,0.7400309908309672
40.585489592742235,63897.11785208264,0.41384816298993266
32.784638842692,75373.82539688099,0.7302258218485461
41.474846907094744,57540.69749959505,0.6886646002160193
34.86353208204703,51285.59717202775,0.6949371886943009
42.01663648089567,25863.953944173718,0.7706532512897827
24.649218859593592,69614.8607909246,0.6925231078435272
34.879153492117325,58302.47385406654,0.5859793143348841
32.89309985636843,44809.74222917757,0.6858597329174622
22.841090758958693,61898.950654165405,0.7067555484080824
19.365220521313116,51244.79464790728,0.7114933911581013
41.857490352746616,52073.60803326712,0.7161919367285068
31.49047617782022,69094.36734163063,0.8039369044918553
24.777197183526706,39924.263830142336,0.5913965446965852
34.03821063076668,75709.72929110637,0.717570045616485
46.28018857349303,39034.70755322395,0.828992969861824
12.19262154628077,50059.47887467104,0.5265388503062804
20.033613100966736,88844.19291099865,0.7179646680780053
25.771135581047325,76910.32142463633,0.6414621498026956
49.61178866720329,61464.059887431606,0.6629289615526894
37.82586982919297,45892.046767481756,0.6095192496785578
42.67317240461227,52060.9153995016,0.6830449284299556
23.598390808737694,61099.12971878544,0.8841255614426904
23.80464124729474,60562.84848509398,0.5735569638822786
39.4781371672271,58636.93605561056,0.5830389997521173
35.58274330935446,59537.512288737234,0.5698065429836495
40.48738818864127,56784.37335442329,0.87274182866281
33.12329009071548,38370.318965399805,0.6537660294478712
37.78143726454627,52252.33886758751,0.6974360939652325
36.58119084905109,73719.3608098027,0.659721705889376
42.77767389084925,39474.985536733235,0.6055577121596908
43.07008281944471,57156.66732691082,0.6764849353385564
18.8012800560823,47703.69106843734,0.9458243605736559
12.527314446591443,61670.25644097167,0.8392070920974255
45.01745397651507,54170.502283997725,0.6147062182207728
46.87725093261937,82160.90497462003,0.7647574103061685
24.793769804866624,67598.74731285381,0.6168477227333623
16.401645934543716,40322.95251334183,0.5223632361153778
35.99034821007201,70068.42017420547,0.801951091766463
44.308382263505294,48380.22215606905,0.8160092846643551
52.97594522434315,51345.054429337,0.8046052251047899
40.16297572101451,64707.285301606826,0.6530134750780426
31.28283303414305,52623.788704047976,0.6833224265998014
26.068693784151375,73392.83724484433,0.7749765553658123
35.114512916706545,48382.34907729907,0.7391496037348106
32.00735296114743,50715.80171112955,0.6606362528702955
24.849320942711838,50154.43659677837,0.5380928179881835
55.48755650863286,51515.418774674414,0.7113875194142012
52.85168402072131,76487.8733332172,0.8079009639236113
46.36048683555428,69431.94440415455,0.5802411710965842
25.791496021908724,85649.15931018107,0.7638759381675977
43.55019324297279,94014.66305848882,0.7331541695133692
41.39626409497902,44539.2445210149,0.7750148263232334
39.42545624204053,61056.28690990934,0.7871975499719007
47.49665267043777,42356.995250348504,0.6305534758074647
41.353711428612776,48335.911083775994,0.5383040599835054
42.40014236304336,50548.76234616496,0.646648047431712
41.369062833722104,44142.67688792588,0.7889127317527007
38.40791408002106,44221.69090652379,0.6457996096474028
17.163888702858166,57835.73432219618,0.6305956676142358
35.836210774105574,41749.2237242039,0.5178649658075362
29.438080411508746,72631.9043870645,0.8752647554550939
22.201590423599797,46233.69693873729,0.7825713641425309
51.81816619300824,102143.53455144589,0.7769895981274764
52.28995340885704,53229.23323553407,0.7967725386779473
48.59220600295612,61080.26462875578,0.7576708361543402
37.552134168558744,40569.88223300947,0.6755671144820471
48.50625120952657,85591.3763719146,0.6836235895877798
35.120531806018256,76792.51021204374,0.6572435635407875
37.0279727689778,64453.73806104169,0.9634740754415
24.06528629538017,39797.961768306515,0.7555912031299442
38.9699130449884,63160.003165869304,0.6536199558648565
35.60385928424417,43178.534309741175,0.7465496774166279
21.973478831655356,81935.3289521004,0.5989131082143682
34.48802888183403,72137.92097779759,0.8504506718589226
34.20270436143191,61431.585577316044,0.633893090419286
52.9756116664464,23454.365051290166,0.7501085432622465
43.9421332851341,45248.76032011454,0.8065977629743134
35.11445439091466,70316.41697399809,0.7384768544204993
37.48787309801083,78193.25537584734,0.7094469991819637
35.44212378104198,76637.54717238198,0.7010802084856015
32.97086015204452,36119.80496637817,0.6943558903112892
24.17572802611713,64523.28460219356,0.6423301511072498
33.48948122393071,75232.72824724394,0.6550516570230295
27.539017433474868,35124.96651626632,0.8479590373650935
22.496844610768537,59881.432269401455,0.6891463367314843
40.112218145475346,64107.63597462684,0.6214203730617226
38.91264659933235,55488.531227298976,0.648370240313849
17.13292488631922,32217.572168981977,0.8100370680697223
33.77315362504873,55114.52834889407,0.7675606633164478
44.95701385899923,55090.41854617464,0.7560329178232257
45.592237388963206,57778.91393178369,0.6742478801090208
45.258368428852386,51547.928618623955,0.7573362470172945
35.3891320690146,53354.81770137799,0.6356438875049352
26.549546720308488,59404.40576479533,0.6740385968654224
24.163011726419395,66636.81907454567,0.7969804487391745
38.44604904750358,55433.59855714999,0.7874277678919064
38.79280034365163,53855.26607447997,0.6018090154049196
47.87331111605065,61385.310573816874,0.6144473547091424
45.99979650342084,31186.261111572276,0.710870215281341
33.67771343468828,67155.52690839687,0.872613237466951
22.557941211391306,59991.55354315562,0.5084434835531005
31.80893402989102,60595.402898963424,0.7278332939570504
37.172311948105246,74411.01461391697,0.5623956668426852
32.97916754610596,30707.767049276277,0.6365669006474454
29.22105891922344,30392.491952115546,0.6635571581935759
37.52884814969899,64107.05767985279,0.6579491656563109
29.960422585893895,59893.24717307226,0.6466204060340791
28.71933916274626,62552.65414787898,0.7007207060376369
38.114528343034394,53068.093872413316,0.6464744433369422
30.980074198707953,69965.30511359897,0.5537542615145847
37.44104388978352,73989.5826448668,0.7779869612522776
37.73204022852123,67259.7344092729,0.775287216714888
23.605709989084254,56087.57312393125,0.7843174310022668
30.18758876134588,28384.659185783956,0.5459265503735917
49.37776939916462,71538.54312055692,0.7298918152584151
23.37920487265713,78325.9299932639,0.7675978855806923
13.83345551029469,69668.3761797597,0.5968797931560414
16.381548467574884,46805.3635894874,0.7009173248182129
35.29109946576669,70106.91590501637,0.6883733354689634
35.30917278032699,72907.94561942168,0.8842150658568263
33.82389144574879,83382.24371698628,0.8924496037012573
47.14189828928502,46858.35113658063,0.5335643606669799
8.27165566897062,56603.18123183792,0.9493927005727989
38.95933874430823,71209.08076715183,0.6084774278846675
50.614382018035734,60861.15107157236,0.7980673294327425
23.72219235108286,43240.08596923088,0.797049798086373
31.20193488210105,66219.24427540055,0.6004309773158193
27.47108082771379,68679.9245072275,0.7493267793839099
26.056539539224712,61319.44344496503,0.6892466255733936
31.7373799497696,63293.773907699164,0.755433000463239
49.27485283684505,56119.41147471405,0.7230672302380625
53.3738667548752,82174.1840357409,0.8196339485370246
31.640607749598523,46489.617244309855,0.7075399543146061
54.0506021406447,51190.18855854332,0.6832125930573688
35.355764769846246,60164.78270291288,0.809606423305718
52.53691026701081,73184.31041551339,0.7580395964858603
34.067013503465084,37539.40244858195,0.7731813394320888
36.31057826046144,40345.548753518415,0.6335413327741403
38.65474472642835,29434.072383979234,0.5954737218601526
66.78853679367535,60490.428378799064,0.6432277856747298
43.51285574844789,43225.41274190184,0.6379178614319411
27.927354700485363,54231.74834973125,0.7786199268652914
44.68997870275858,69920.67284837562,0.7975984050294052
31.381674629156585,50376.8591882573,0.6844869710467599
30.102498170987907,63469.23034115047,0.8430919018824352
44.08601359892111,55509.93138372417,0.8368469393765129
35.310855877711525,70081.71472644655,0.7243398916400539
37.785759145118064,67126.92101022013,0.617810822845696
35.139852218652926,49620.99455738085,0.857537664943554
38.36583126605435,57470.22369899321,0.6938982648971591
39.249658974361495,75656.15096580742,0.7126165196430975
15.630330672945847,65900.65305381146,0.6660394974393431
41.66572668609533,39045.56913373303,0.6110209673702802
25.179805801696993,69834.27091757074,0.5531360569684708
20.577008644405886,43730.84066345643,0.7632868323557288
34.41588756141318,81187.69604941508,0.6216598946103379
35.839810033144545,75361.48259761538,1.0059531228996823
28.064938354277192,64348.28213877601,0.5913926417387521
43.31031857667974,62358.4926515429,0.574261752501863
21.57824833629093,56864.5161595887,0.751013871561344
30.93056251227441,70177.85927100042,0.8529313478967295
29.151258650669995,54438.32745806908,0.7064589656943221
34.534127296606606,63533.548059598405,0.7572242420187274
37.788642846472385,73079.01549779177,0.515645258254129
24.921070503764554,51572.901847116154,0.6322488454308233
42.24282677456228,50757.10890013958,0.5926384270862433
35.630023683347,42084.51778913311,0.5104954150052119
16.080537466880894,44032.908808107415,0.7116980234023886
15.41408559602969,32574.070328377464,0.4757172378389566
34.87680707070689,70947.43183523294,0.5677804033912551
32.79032682213646,87133.71813124156,0.6462806205986581
33.965798864253664,81379.93415205459,0.6168714164048923
34.72017543469782,35608.73267060225,0.7396408502207067
37.255598395101806,70872.820073343,0.730558019190248
44.476496098483,81331.59524885335,0.7893798745935456
23.88895099082442,53147.85028892004,0.7752383732712678
23.280284070992053,61521.71145975074,0.814081278936138
24.066761421126174,29881.604237929943,0.6998081599990945
37.88916667168707,64001.04251964962,0.730346690081667
47.44947378646445,44046.604058479235,0.7511513701919191
30.686605617604894,62994.52526867272,0.7141656697391026
9.983001558403455,36581.9561671668,0.6602805690082926
17.960071373896245,68142.87336716393,0.6667557465660229
26.669632772039883,75367.69013140035,0.6182441601670035
29.42271112504785,48252.302074272484,0.742161682990983
30.916113727452736,42946.16127884349,0.6905984825914844
35.38581122980917,27659.654361750283,0.6336826249363234
31.882536691775528,56003.796988872346,0.6337755180675407
45.49339610543407,51276.090985775925,0.5789601272217211
28.239826943186312,36734.70881477918,0.79788413412372
26.37682040524457,66795.28134468257,0.7078617669531787
39.78875538520462,53250.44427203026,0.613719998042673
19.643579300738807,43863.960620321515,0.7808547749602018
38.89691705320002,51681.41391539329,0.6439551190205627
36.02553183726267,76069.56808394424,0.5593499372987767
33.52557510081832,69044.05415632833,0.8021222289219132
50.882761071492624,58049.609077522655,0.6462903010433887
28.77792554705282,69286.57527697278,0.659110090979121
55.602981705240786,42586.32065419891,0.7041180020349177
32.74568550771901,60485.55151090546,0.8142589222790114
22.229835550297718,62209.83495729706,0.7020037290866311
35.69919580994825,52952.452372519096,0.5800882873854769
24.237547996812317,66531.87503936127,0.7543877004112179
27.482441521865,48293.498180333234,0.6515010275738276
38.97033300015491,67647.31061664177,0.8887923971529466
40.55582088650125,68277.88157296937,0.699888027800211
28.77832299745742,16242.601789544007,0.4764964502101333
44.87405145046401,77854.58555265177,0.7357364972155673
46.57507758021134,14285.511519708689,0.8944597792260228
49.36301756563291,50759.26461665812,0.8575920288545389
40.29413407125722,75380.22051386633,0.8830954288756565
48.63428712085699,55240.69912121339,0.5980239814618536
16.192015720259423,38007.21026295687,0.7912152395976778
31.820934513715375,43593.94407424994,0.6278005460263287
26.329947436765735,75403.5861948093,0.7224289399416924
36.19225861127392,31177.432041770426,0.5727047571260268
29.285507808032627,76934.86651443026,0.6355544235117283
33.338421580502676,59173.46851436566,0.6323753302636385
53.821748802040496,42114.0700433635,0.7898555280142616
33.30280203579622,51253.273915459635,0.7800719121669655
39.13792317190214,44741.63488347538,0.727681972933082
32.67730670075765,72993.37801287793,0.5649578581944614
35.75713287956834,70986.41714644257,0.668836056605028
35.06016680436071,34212.5829918593,0.6253883517057274
39.48324065973159,53946.11822220999,0.7869675756694491
46.65307535547177,47052.215064835844,0.8178184852817184
51.47393997603329,79402.64952689056,0.8056385586030883
38.09620081909167,39748.513228103686,0.6244780580582979
40.89546886035602,84063.43657027521,0.42604668777105204
23.49135490814433,59500.57890724594,0.5233038101869946
34.12123257584379,42570.983904298686,0.8421626978082208
44.40289464883589,49840.88723986083,0.6598745060680176
43.65968638417153,47975.71738847324,0.6249275381734887
37.1160973279505,40880.72396976741,0.8642660293436234
43.863939595679525,61422.40289595564,0.8265159945488326
39.90766708993819,41581.26673962235,0.7024448721919786
47.003062582593216,27294.50686892717,0.6706596908936026
37.893591569571115,54304.85293727741,0.6867898787186875
31.443016844289655,32957.15705373176,0.7227162798387465
38.358412569330234,48717.586978987194,0.8600047281319607
5.694056241472243,46363.456670949665,0.7422467424237227
38.828857363850496,46931.75891961279,0.7726029033039141
-1.484128252147836,90014.44652385231,0.8169270109070171
17.76536592594582,60846.173507543564,0.5830323998975581
39.51768600940984,63680.56513492998,0.7754861892474042
39.77529337266795,33354.025554865584,0.6705431245338388
23.375712198600695,50190.552995446174,0.44839048042272334
27.87897958121061,63229.539449122676,0.48718304580141875
48.70540988614132,44632.06630630491,0.5981882388481314
30.159698684273238,73620.94265276978,0.7531223228592581
57.429203124029854,41959.55121148455,0.7113799565340296
34.980801468236535,55704.50796202236,0.7184366707175663
39.080361768812665,51209.22540036662,0.8950943482686692
51.16874398498608,62464.80989072874,0.5730910385140188
36.310271161934196,50392.64892216861,0.6972566645816276
24.976560193091988,55936.59559393594,0.7304435522813815
33.9027254830571,56458.048623330214,0.6263726883461664
34.64389263809909,48984.18363913048,0.702832674508294
21.352583477984346,67276.4080274567,0.5400050665915654
32.441679286591764,63575.82562256138,0.8409906217275027
27.578079060025633,58670.79082120249,0.6318385447469566
44.24357757187434,53543.12499807063,0.9031400164778502
35.34611874185256,71948.16045779995,0.6967525676082544
32.1720425085243,56462.48634278728,0.8028053565399182
33.938180693774235,55399.54068261094,0.6946697131008845
37.23122018406166,61570.35044832189,0.6969256167739469
41.168141996897795,85448.80024456276,0.6415970666777991
25.002877713306187,39894.65687968194,0.7119123929366277
24.584123673787282,71547.85339583032,0.7317998694414047
46.0467921540253,31602.432581428424,0.621574149108482
30.876631277952693,63259.09737342936,0.6874955584140116
20.83157907403126,83626.24241413096,0.6389901133942886
39.43812709383105,67330.0278670096,0.9299664069614838
39.63369806032687,62559.37617809689,0.6910269230088381
19.692847427432937,51593.25796795387,0.8545232151696559
37.294817154636064,60465.708007328314,0.6804377669192311
42.35583092428374,56219.05776894966,0.7259287641534907
38.74386451706263,48210.35088102967,0.567863592835473
41.319814837613954,55651.86576787695,0.6552927408132135
20.95730901909251,62975.717409396595,0.7210534670789246
38.31040154996196,48491.74397204039,0.8586003830959866
31.973802405295533,47905.77268972974,0.7221982777676271
30.172098412753552,39596.34843611738,0.8383720361192999
43.70555609419726,65860.87539133344,0.764072911020292
49.7927451067423,68179.84892950591,0.8627401339464685
52.94370054600359,63474.906663547765,0.6940957782694944
48.14807871505905,74477.55739092999,0.9390222710651804
33.902658183698165,61318.01455621091,0.6514603797085876
38.527201630263434,65880.16406048635,0.623353816580233
42.66822871784244,64557.56138456344,0.5789947150310966
36.21177949299462,58626.89970872688,0.933102467155807
36.307641879115444,52037.67257805529,0.7819447572617897
43.23753131876182,93212.28923687867,0.6665879266619691
